{"True :":[14,3,18,7],"Pred:":[14,3,18,7],"Epoch: ":2,"Training Loss":0.41153444922347177,"Validation Accuracy":91.94058154235145,"_runtime":17275.8101242,"_timestamp":1.7507388149954584e+09,"_step":9,"_wandb":{"runtime":17276}}