{"_step":9,"True :":[4,12,17,14,4],"Pred:":[16,16,16,16,16],"_timestamp":1.750721444534467e+09,"_runtime":122.9553321,"_wandb":{"runtime":123},"Epoch: ":2,"Validation Accuracy":0,"Training Loss":3.356162279844284}